customer_id,account_id,region_id,segment_id,email_flag
40,340,400,6035,1
34,334,340,6029,1
19,319,190,6014,1
55,355,550,6050,1
49,349,490,6044,1
13,313,130,6008,1
7,307,70,6002,1
10,310,100,6005,1
43,343,430,6038,1
28,328,280,6023,1
22,322,220,6017,1
25,325,250,6020,1
37,337,370,6032,1
16,316,160,6011,1
46,346,460,6041,1
52,352,520,6047,1
31,331,310,6026,1
