customer_id,account_id,region_id,segment_id,template_id
7,307,70,6002,email_BA
10,310,100,6005,email_BA
13,313,130,6008,email_BA
16,316,160,6011,email_BA
19,319,190,6014,email_BA
22,322,220,6017,email_BA
25,325,250,6020,email_BA
28,328,280,6023,email_BA
31,331,310,6026,email_BA
34,334,340,6029,email_BA
37,337,370,6032,email_BA
40,340,400,6035,email_BA
43,343,430,6038,email_BA
46,346,460,6041,email_BA
49,349,490,6044,email_BA
52,352,520,6047,email_BA
55,355,550,6050,email_BA
